--
-- PostgreSQL database dump
--

\restrict GIuvAA8V7DlFulq1g4lIPGq1lDv3mczakp91Deyz6n2LObYgS6IGw9Rg9kkpKtU

-- Dumped from database version 17.6 (Ubuntu 17.6-0ubuntu0.25.04.1)
-- Dumped by pg_dump version 17.6 (Ubuntu 17.6-0ubuntu0.25.04.1)

SET statement_timeout = 0;
SET lock_timeout = 0;
SET idle_in_transaction_session_timeout = 0;
SET transaction_timeout = 0;
SET client_encoding = 'UTF8';
SET standard_conforming_strings = on;
SELECT pg_catalog.set_config('search_path', '', false);
SET check_function_bodies = false;
SET xmloption = content;
SET client_min_messages = warning;
SET row_security = off;

SET default_tablespace = '';

SET default_table_access_method = heap;

--
-- Name: auth_group; Type: TABLE; Schema: public; Owner: postgres
--

CREATE TABLE public.auth_group (
    id integer NOT NULL,
    name character varying(150) NOT NULL
);


ALTER TABLE public.auth_group OWNER TO postgres;

--
-- Name: auth_group_id_seq; Type: SEQUENCE; Schema: public; Owner: postgres
--

ALTER TABLE public.auth_group ALTER COLUMN id ADD GENERATED BY DEFAULT AS IDENTITY (
    SEQUENCE NAME public.auth_group_id_seq
    START WITH 1
    INCREMENT BY 1
    NO MINVALUE
    NO MAXVALUE
    CACHE 1
);


--
-- Name: auth_group_permissions; Type: TABLE; Schema: public; Owner: postgres
--

CREATE TABLE public.auth_group_permissions (
    id bigint NOT NULL,
    group_id integer NOT NULL,
    permission_id integer NOT NULL
);


ALTER TABLE public.auth_group_permissions OWNER TO postgres;

--
-- Name: auth_group_permissions_id_seq; Type: SEQUENCE; Schema: public; Owner: postgres
--

ALTER TABLE public.auth_group_permissions ALTER COLUMN id ADD GENERATED BY DEFAULT AS IDENTITY (
    SEQUENCE NAME public.auth_group_permissions_id_seq
    START WITH 1
    INCREMENT BY 1
    NO MINVALUE
    NO MAXVALUE
    CACHE 1
);


--
-- Name: auth_permission; Type: TABLE; Schema: public; Owner: postgres
--

CREATE TABLE public.auth_permission (
    id integer NOT NULL,
    name character varying(255) NOT NULL,
    content_type_id integer NOT NULL,
    codename character varying(100) NOT NULL
);


ALTER TABLE public.auth_permission OWNER TO postgres;

--
-- Name: auth_permission_id_seq; Type: SEQUENCE; Schema: public; Owner: postgres
--

ALTER TABLE public.auth_permission ALTER COLUMN id ADD GENERATED BY DEFAULT AS IDENTITY (
    SEQUENCE NAME public.auth_permission_id_seq
    START WITH 1
    INCREMENT BY 1
    NO MINVALUE
    NO MAXVALUE
    CACHE 1
);


--
-- Name: clientes; Type: TABLE; Schema: public; Owner: postgres
--

CREATE TABLE public.clientes (
    id bigint NOT NULL,
    nombre character varying(100) NOT NULL,
    "tipoDocCliente" character varying(3) NOT NULL,
    "docCliente" character varying(20) NOT NULL,
    "correoElecCliente" character varying(254) NOT NULL,
    telefono character varying(20) NOT NULL,
    "tipoCliente" character varying(1) NOT NULL,
    direccion text NOT NULL,
    ocupacion character varying(30) NOT NULL,
    declaracion_jurada boolean NOT NULL,
    segmento character varying(20) NOT NULL,
    beneficio_segmento integer NOT NULL,
    created_at timestamp with time zone NOT NULL,
    updated_at timestamp with time zone NOT NULL
);


ALTER TABLE public.clientes OWNER TO postgres;

--
-- Name: clientes_id_seq; Type: SEQUENCE; Schema: public; Owner: postgres
--

ALTER TABLE public.clientes ALTER COLUMN id ADD GENERATED BY DEFAULT AS IDENTITY (
    SEQUENCE NAME public.clientes_id_seq
    START WITH 1
    INCREMENT BY 1
    NO MINVALUE
    NO MAXVALUE
    CACHE 1
);


--
-- Name: django_content_type; Type: TABLE; Schema: public; Owner: postgres
--

CREATE TABLE public.django_content_type (
    id integer NOT NULL,
    app_label character varying(100) NOT NULL,
    model character varying(100) NOT NULL
);


ALTER TABLE public.django_content_type OWNER TO postgres;

--
-- Name: django_content_type_id_seq; Type: SEQUENCE; Schema: public; Owner: postgres
--

ALTER TABLE public.django_content_type ALTER COLUMN id ADD GENERATED BY DEFAULT AS IDENTITY (
    SEQUENCE NAME public.django_content_type_id_seq
    START WITH 1
    INCREMENT BY 1
    NO MINVALUE
    NO MAXVALUE
    CACHE 1
);


--
-- Name: django_migrations; Type: TABLE; Schema: public; Owner: postgres
--

CREATE TABLE public.django_migrations (
    id bigint NOT NULL,
    app character varying(255) NOT NULL,
    name character varying(255) NOT NULL,
    applied timestamp with time zone NOT NULL
);


ALTER TABLE public.django_migrations OWNER TO postgres;

--
-- Name: django_migrations_id_seq; Type: SEQUENCE; Schema: public; Owner: postgres
--

ALTER TABLE public.django_migrations ALTER COLUMN id ADD GENERATED BY DEFAULT AS IDENTITY (
    SEQUENCE NAME public.django_migrations_id_seq
    START WITH 1
    INCREMENT BY 1
    NO MINVALUE
    NO MAXVALUE
    CACHE 1
);


--
-- Name: django_session; Type: TABLE; Schema: public; Owner: postgres
--

CREATE TABLE public.django_session (
    session_key character varying(40) NOT NULL,
    session_data text NOT NULL,
    expire_date timestamp with time zone NOT NULL
);


ALTER TABLE public.django_session OWNER TO postgres;

--
-- Name: medios_pago; Type: TABLE; Schema: public; Owner: postgres
--

CREATE TABLE public.medios_pago (
    id bigint NOT NULL,
    tipo character varying(25) NOT NULL,
    activo boolean NOT NULL,
    created_at timestamp with time zone NOT NULL,
    updated_at timestamp with time zone NOT NULL
);


ALTER TABLE public.medios_pago OWNER TO postgres;

--
-- Name: medios_pago_clientes; Type: TABLE; Schema: public; Owner: postgres
--

CREATE TABLE public.medios_pago_clientes (
    id bigint NOT NULL,
    moneda_tc character varying(3),
    numero_tarjeta character varying(20),
    cvv_tarjeta character varying(3),
    nombre_titular_tarjeta character varying(100),
    fecha_vencimiento_tc character varying(7),
    descripcion_tarjeta character varying(100),
    cuenta_destino character varying(3),
    numero_cuenta character varying(50),
    banco character varying(100),
    cedula_ruc_cuenta character varying(20),
    nombre_titular_cuenta character varying(100),
    tipo_cuenta character varying(50),
    solo_compra_extranjera boolean NOT NULL,
    moneda_cheque character varying(3),
    activo boolean NOT NULL,
    is_deleted boolean NOT NULL,
    created_at timestamp with time zone NOT NULL,
    updated_at timestamp with time zone NOT NULL,
    cliente_id bigint NOT NULL,
    medio_pago_id bigint NOT NULL
);


ALTER TABLE public.medios_pago_clientes OWNER TO postgres;

--
-- Name: medios_pago_clientes_id_seq; Type: SEQUENCE; Schema: public; Owner: postgres
--

ALTER TABLE public.medios_pago_clientes ALTER COLUMN id ADD GENERATED BY DEFAULT AS IDENTITY (
    SEQUENCE NAME public.medios_pago_clientes_id_seq
    START WITH 1
    INCREMENT BY 1
    NO MINVALUE
    NO MAXVALUE
    CACHE 1
);


--
-- Name: medios_pago_id_seq; Type: SEQUENCE; Schema: public; Owner: postgres
--

ALTER TABLE public.medios_pago ALTER COLUMN id ADD GENERATED BY DEFAULT AS IDENTITY (
    SEQUENCE NAME public.medios_pago_id_seq
    START WITH 1
    INCREMENT BY 1
    NO MINVALUE
    NO MAXVALUE
    CACHE 1
);


--
-- Name: medios_pago_monedas; Type: TABLE; Schema: public; Owner: postgres
--

CREATE TABLE public.medios_pago_monedas (
    id bigint NOT NULL,
    mediopago_id bigint NOT NULL,
    moneda_id bigint NOT NULL
);


ALTER TABLE public.medios_pago_monedas OWNER TO postgres;

--
-- Name: medios_pago_monedas_id_seq; Type: SEQUENCE; Schema: public; Owner: postgres
--

ALTER TABLE public.medios_pago_monedas ALTER COLUMN id ADD GENERATED BY DEFAULT AS IDENTITY (
    SEQUENCE NAME public.medios_pago_monedas_id_seq
    START WITH 1
    INCREMENT BY 1
    NO MINVALUE
    NO MAXVALUE
    CACHE 1
);


--
-- Name: monedas; Type: TABLE; Schema: public; Owner: postgres
--

CREATE TABLE public.monedas (
    id bigint NOT NULL,
    nombre character varying(30) NOT NULL,
    simbolo character varying(3) NOT NULL,
    activa boolean NOT NULL,
    tasa_base integer NOT NULL,
    comision_compra integer NOT NULL,
    comision_venta integer NOT NULL,
    decimales smallint NOT NULL,
    fecha_cotizacion timestamp with time zone NOT NULL
);


ALTER TABLE public.monedas OWNER TO postgres;

--
-- Name: monedas_id_seq; Type: SEQUENCE; Schema: public; Owner: postgres
--

ALTER TABLE public.monedas ALTER COLUMN id ADD GENERATED BY DEFAULT AS IDENTITY (
    SEQUENCE NAME public.monedas_id_seq
    START WITH 1
    INCREMENT BY 1
    NO MINVALUE
    NO MAXVALUE
    CACHE 1
);


--
-- Name: roles; Type: TABLE; Schema: public; Owner: postgres
--

CREATE TABLE public.roles (
    group_ptr_id integer NOT NULL,
    descripcion text
);


ALTER TABLE public.roles OWNER TO postgres;

--
-- Name: usuarios; Type: TABLE; Schema: public; Owner: postgres
--

CREATE TABLE public.usuarios (
    id bigint NOT NULL,
    password character varying(128) NOT NULL,
    last_login timestamp with time zone,
    is_superuser boolean NOT NULL,
    username character varying(30) NOT NULL,
    first_name character varying(40) NOT NULL,
    last_name character varying(40) NOT NULL,
    email character varying(254) NOT NULL,
    tipo_cedula character varying(3) NOT NULL,
    cedula_identidad character varying(13) NOT NULL,
    bloqueado boolean NOT NULL,
    is_active boolean NOT NULL,
    date_joined timestamp with time zone NOT NULL,
    cliente_activo_id bigint
);


ALTER TABLE public.usuarios OWNER TO postgres;

--
-- Name: usuarios_clientes; Type: TABLE; Schema: public; Owner: postgres
--

CREATE TABLE public.usuarios_clientes (
    id bigint NOT NULL,
    created_at timestamp with time zone NOT NULL,
    cliente_id bigint NOT NULL,
    usuario_id bigint NOT NULL
);


ALTER TABLE public.usuarios_clientes OWNER TO postgres;

--
-- Name: usuarios_clientes_id_seq; Type: SEQUENCE; Schema: public; Owner: postgres
--

ALTER TABLE public.usuarios_clientes ALTER COLUMN id ADD GENERATED BY DEFAULT AS IDENTITY (
    SEQUENCE NAME public.usuarios_clientes_id_seq
    START WITH 1
    INCREMENT BY 1
    NO MINVALUE
    NO MAXVALUE
    CACHE 1
);


--
-- Name: usuarios_groups; Type: TABLE; Schema: public; Owner: postgres
--

CREATE TABLE public.usuarios_groups (
    id bigint NOT NULL,
    usuario_id bigint NOT NULL,
    group_id integer NOT NULL
);


ALTER TABLE public.usuarios_groups OWNER TO postgres;

--
-- Name: usuarios_groups_id_seq; Type: SEQUENCE; Schema: public; Owner: postgres
--

ALTER TABLE public.usuarios_groups ALTER COLUMN id ADD GENERATED BY DEFAULT AS IDENTITY (
    SEQUENCE NAME public.usuarios_groups_id_seq
    START WITH 1
    INCREMENT BY 1
    NO MINVALUE
    NO MAXVALUE
    CACHE 1
);


--
-- Name: usuarios_id_seq; Type: SEQUENCE; Schema: public; Owner: postgres
--

ALTER TABLE public.usuarios ALTER COLUMN id ADD GENERATED BY DEFAULT AS IDENTITY (
    SEQUENCE NAME public.usuarios_id_seq
    START WITH 1
    INCREMENT BY 1
    NO MINVALUE
    NO MAXVALUE
    CACHE 1
);


--
-- Name: usuarios_user_permissions; Type: TABLE; Schema: public; Owner: postgres
--

CREATE TABLE public.usuarios_user_permissions (
    id bigint NOT NULL,
    usuario_id bigint NOT NULL,
    permission_id integer NOT NULL
);


ALTER TABLE public.usuarios_user_permissions OWNER TO postgres;

--
-- Name: usuarios_user_permissions_id_seq; Type: SEQUENCE; Schema: public; Owner: postgres
--

ALTER TABLE public.usuarios_user_permissions ALTER COLUMN id ADD GENERATED BY DEFAULT AS IDENTITY (
    SEQUENCE NAME public.usuarios_user_permissions_id_seq
    START WITH 1
    INCREMENT BY 1
    NO MINVALUE
    NO MAXVALUE
    CACHE 1
);


--
-- Data for Name: auth_group; Type: TABLE DATA; Schema: public; Owner: postgres
--

COPY public.auth_group (id, name) FROM stdin;
1	Operador
2	Analista cambiario
3	Administrador
4	Moderador de usuarios
5	Encargado de clientes
\.


--
-- Data for Name: auth_group_permissions; Type: TABLE DATA; Schema: public; Owner: postgres
--

COPY public.auth_group_permissions (id, group_id, permission_id) FROM stdin;
1	3	1
2	3	2
3	3	3
4	3	4
5	3	5
6	3	6
7	3	7
8	3	8
9	3	9
10	3	10
11	3	11
12	3	12
13	3	16
14	3	13
15	3	14
16	3	15
17	3	17
18	3	18
19	3	19
20	3	20
21	3	21
22	3	24
23	3	22
24	3	23
25	2	24
26	2	23
27	5	18
28	5	20
29	4	17
\.


--
-- Data for Name: auth_permission; Type: TABLE DATA; Schema: public; Owner: postgres
--

COPY public.auth_permission (id, name, content_type_id, codename) FROM stdin;
1	Can add permission	1	add_permission
2	Can change permission	1	change_permission
3	Can delete permission	1	delete_permission
4	Can view permission	1	view_permission
5	Can add group	2	add_group
6	Can change group	2	change_group
7	Can delete group	2	delete_group
8	Can view group	2	view_group
9	Can add content type	3	add_contenttype
10	Can change content type	3	change_contenttype
11	Can delete content type	3	delete_contenttype
12	Can view content type	3	view_contenttype
13	Can add session	4	add_session
14	Can change session	4	change_session
15	Can delete session	4	delete_session
16	Can view session	4	view_session
17	Puede bloquear o desbloquear usuarios	5	bloqueo
18	Puede asignar clientes a usuarios	5	asignacion_clientes
19	Puede asignar roles a usuarios	5	asignacion_roles
20	Puede gestionar clientes (crear y editar)	6	gestion
21	Puede gestionar roles (crear y editar)	8	gestion
22	Puede gestionar monedas (crear y editar)	9	gestion
23	Puede activar/desactivar monedas	9	activacion
24	Puede actualizar cotización de monedas	9	cotizacion
\.


--
-- Data for Name: clientes; Type: TABLE DATA; Schema: public; Owner: postgres
--

COPY public.clientes (id, nombre, "tipoDocCliente", "docCliente", "correoElecCliente", telefono, "tipoCliente", direccion, ocupacion, declaracion_jurada, segmento, beneficio_segmento, created_at, updated_at) FROM stdin;
1	Juan Pérez	CI	1231231	juanperez@example.com	0981123123	F	Asunción, Paraguay	Estudiante	t	minorista	0	2025-09-03 12:36:01.401701-03	2025-09-03 12:38:32.291502-03
2	Lucía Gómez	CI	2342342	lucia.gomez@example.com	0982342342	F	Encarnación, Paraguay	Ingeniera	t	minorista	0	2025-09-03 12:39:01.401701-03	2025-09-03 12:40:32.291502-03
3	Carlos Ramírez	RUC	3453453	carlos.ramirez@example.com	0983453453	F	Ciudad del Este, Paraguay	Comerciante	f	minorista	0	2025-09-03 12:41:01.401701-03	2025-09-03 12:42:32.291502-03
4	Ana Fernández	CI	4564564	ana.fernandez@example.com	0984564564	F	San Lorenzo, Paraguay	Abogada	t	vip	10	2025-09-03 12:43:01.401701-03	2025-09-03 12:44:32.291502-03
5	Miguel Torres	CI	5675675	miguel.torres@example.com	0985675675	F	Luque, Paraguay	Contador	t	minorista	0	2025-09-03 12:45:01.401701-03	2025-09-03 12:46:32.291502-03
6	Sofía Martínez	RUC	6786786	sofia.martinez@example.com	0986786786	F	Capiatá, Paraguay	Médica	f	vip	10	2025-09-03 12:47:01.401701-03	2025-09-03 12:48:32.291502-03
7	Diego Alonso	CI	7897897	diego.alonso@example.com	0987897897	F	Fernando de la Mora, Paraguay	Arquitecto	t	minorista	0	2025-09-03 12:49:01.401701-03	2025-09-03 12:50:32.291502-03
8	Valentina Rivas	CI	8908908	valentina.rivas@example.com	0988908908	F	Lambaré, Paraguay	Diseñadora	t	corporativo	5	2025-09-03 12:51:01.401701-03	2025-09-03 12:52:32.291502-03
9	Javier Benítez	CI	9019019	javier.benitez@example.com	0989019019	F	Villa Elisa, Paraguay	Programador	t	minorista	0	2025-09-03 12:53:01.401701-03	2025-09-03 12:54:32.291502-03
10	Camila Acosta	RUC	1234567	camila.acosta@example.com	0981234567	F	Areguá, Paraguay	Psicóloga	t	vip	10	2025-09-03 12:55:01.401701-03	2025-09-03 12:56:32.291502-03
11	Pedro Vera	CI	2345678	pedro.vera@example.com	0982345678	F	Itauguá, Paraguay	Chef	t	minorista	0	2025-09-03 12:57:01.401701-03	2025-09-03 12:58:32.291502-03
12	Empresa S.A.	RUC	3456789	empresa@example.com	0983456789	J	Asunción, Paraguay	Empresa	t	corporativo	5	2025-09-03 12:59:01.401701-03	2025-09-03 13:00:32.291502-03
13	fdfsdf	CI	34243	rewrew@example.com	43432	F	fdsfsad	dfsfdasd	f	minorista	0	2025-09-15 11:01:02.045704-03	2025-09-15 11:01:02.04575-03
\.


--
-- Data for Name: django_content_type; Type: TABLE DATA; Schema: public; Owner: postgres
--

COPY public.django_content_type (id, app_label, model) FROM stdin;
1	auth	permission
2	auth	group
3	contenttypes	contenttype
4	sessions	session
5	usuarios	usuario
6	clientes	cliente
7	clientes	usuariocliente
8	roles	roles
9	monedas	moneda
10	medios_pago	mediopago
11	medios_pago	mediopagocliente
\.


--
-- Data for Name: django_migrations; Type: TABLE DATA; Schema: public; Owner: postgres
--

COPY public.django_migrations (id, app, name, applied) FROM stdin;
1	contenttypes	0001_initial	2025-09-15 10:59:27.658267-03
2	contenttypes	0002_remove_content_type_name	2025-09-15 10:59:27.66371-03
3	auth	0001_initial	2025-09-15 10:59:27.686243-03
4	auth	0002_alter_permission_name_max_length	2025-09-15 10:59:27.69544-03
5	auth	0003_alter_user_email_max_length	2025-09-15 10:59:27.699951-03
6	auth	0004_alter_user_username_opts	2025-09-15 10:59:27.704509-03
7	auth	0005_alter_user_last_login_null	2025-09-15 10:59:27.70912-03
8	auth	0006_require_contenttypes_0002	2025-09-15 10:59:27.710439-03
9	auth	0007_alter_validators_add_error_messages	2025-09-15 10:59:27.715454-03
10	auth	0008_alter_user_username_max_length	2025-09-15 10:59:27.720785-03
11	auth	0009_alter_user_last_name_max_length	2025-09-15 10:59:27.725744-03
12	auth	0010_alter_group_name_max_length	2025-09-15 10:59:27.73111-03
13	auth	0011_update_proxy_permissions	2025-09-15 10:59:27.735678-03
14	auth	0012_alter_user_first_name_max_length	2025-09-15 10:59:27.740501-03
15	clientes	0001_initial	2025-09-15 10:59:27.757471-03
16	usuarios	0001_initial	2025-09-15 10:59:27.782021-03
17	clientes	0002_initial	2025-09-15 10:59:27.808561-03
18	monedas	0001_initial	2025-09-15 10:59:27.8167-03
19	medios_pago	0001_initial	2025-09-15 10:59:27.869997-03
20	roles	0001_initial	2025-09-15 10:59:27.894055-03
21	sessions	0001_initial	2025-09-15 10:59:27.905671-03
\.


--
-- Data for Name: django_session; Type: TABLE DATA; Schema: public; Owner: postgres
--

COPY public.django_session (session_key, session_data, expire_date) FROM stdin;
2vn1lo4sha70mcv1j5uysjhowore63lg	.eJxVjMsOgjAUBf-la9NQ6OPi0r3fQO4LQU2bUFgZ_11JWOj2zMx5mQG3dRq2qsswizmbzpx-N0J-aN6B3DHfiuWS12Umuyv2oNVei-jzcrh_BxPW6VsDO4pBWlTfuF5G0G5UD4ExshBHbpvYK0ECTOoDcIscvARIo3dEybw_A484pA:1uy9mo:cSxaJq98uO86Mv3_mWIrQh9SAcAHY9tdpwjPTNb9vGs	2025-09-15 11:12:30.019265-03
\.


--
-- Data for Name: medios_pago; Type: TABLE DATA; Schema: public; Owner: postgres
--

COPY public.medios_pago (id, tipo, activo, created_at, updated_at) FROM stdin;
1	efectivo	t	2025-09-15 10:59:28.099753-03	2025-09-15 10:59:28.099766-03
2	transferencia	t	2025-09-15 10:59:28.107092-03	2025-09-15 10:59:28.107104-03
3	tarjeta_credito	t	2025-09-15 10:59:28.110134-03	2025-09-15 10:59:28.110146-03
4	billetera_electronica	t	2025-09-15 10:59:28.114685-03	2025-09-15 10:59:28.114697-03
5	cheque	t	2025-09-15 10:59:28.116381-03	2025-09-15 10:59:28.116392-03
\.


--
-- Data for Name: medios_pago_clientes; Type: TABLE DATA; Schema: public; Owner: postgres
--

COPY public.medios_pago_clientes (id, moneda_tc, numero_tarjeta, cvv_tarjeta, nombre_titular_tarjeta, fecha_vencimiento_tc, descripcion_tarjeta, cuenta_destino, numero_cuenta, banco, cedula_ruc_cuenta, nombre_titular_cuenta, tipo_cuenta, solo_compra_extranjera, moneda_cheque, activo, is_deleted, created_at, updated_at, cliente_id, medio_pago_id) FROM stdin;
1	\N	\N	\N	\N	\N	\N	\N	\N	\N	\N	\N	\N	f	\N	t	f	2025-09-15 11:01:02.050726-03	2025-09-15 11:01:02.050738-03	13	1
2	\N	\N	\N	\N	\N	\N	\N	\N	\N	\N	\N	\N	f	\N	t	f	2025-09-15 11:01:02.055146-03	2025-09-15 11:01:02.055157-03	13	5
3	\N	\N	\N	\N	\N	\N	\N	\N	\N	\N	\N	\N	f	\N	t	f	2025-09-15 11:01:02.058531-03	2025-09-15 11:01:02.058543-03	13	4
4	\N	\N	\N	\N	\N	\N	\N	12354354	Banco Gnb		FULANO	corriente	f	\N	t	f	2025-09-15 11:02:02.498915-03	2025-09-15 11:02:02.498941-03	13	2
5	PYG	3333333333333333	432	FULANO	12/2029	Tarjeta personal	\N	\N	\N	\N	\N	\N	f	\N	t	f	2025-09-15 11:02:29.954576-03	2025-09-15 11:02:29.954599-03	13	3
\.


--
-- Data for Name: medios_pago_monedas; Type: TABLE DATA; Schema: public; Owner: postgres
--

COPY public.medios_pago_monedas (id, mediopago_id, moneda_id) FROM stdin;
1	1	1
2	3	1
\.


--
-- Data for Name: monedas; Type: TABLE DATA; Schema: public; Owner: postgres
--

COPY public.monedas (id, nombre, simbolo, activa, tasa_base, comision_compra, comision_venta, decimales, fecha_cotizacion) FROM stdin;
1	Dólar estadounidense	USD	t	7400	200	250	2	2025-09-15 10:59:28.075643-03
2	Euro	EUR	t	8000	250	300	3	2025-09-10 12:00:00-03
3	Peso argentino	ARG	t	10	5	7	5	2025-09-10 12:00:00-03
\.


--
-- Data for Name: roles; Type: TABLE DATA; Schema: public; Owner: postgres
--

COPY public.roles (group_ptr_id, descripcion) FROM stdin;
1	Rol encargado de realizar operaciones básicas del sistema, incluyendo registro de transacciones y consultas de clientes.
2	Rol responsable del análisis de tipos de cambio, generación de reportes financieros y supervisión de operaciones cambiarias.
3	Rol con acceso completo al sistema, incluyendo gestión de usuarios, configuración del sistema y supervisión general.
4	Rol encargado de verificar que los usuarios sean bienvenidos o no al sistema
5	Rol encargado de la gestión y asignación de clientes.
\.


--
-- Data for Name: usuarios; Type: TABLE DATA; Schema: public; Owner: postgres
--

COPY public.usuarios (id, password, last_login, is_superuser, username, first_name, last_name, email, tipo_cedula, cedula_identidad, bloqueado, is_active, date_joined, cliente_activo_id) FROM stdin;
1	pbkdf2_sha256$1000000$KUtO3Kz9sYyDujs6givUsm$VVkcJj72tGebc5JKVfCC9OcdmKFwxr20mwyo0fYqECU=	2025-09-03 12:33:58.499498-03	f	iris	Iris	Mendoza	iris@example.com	CI	7897897	f	t	2025-09-03 12:26:33.888296-03	\N
2	pbkdf2_sha256$1000000$nZ5bZGdPP4MeFsTQG0VxIc$NswnhxthPgnIjpC2ub27BMXWi9bdOmR8m/CDLbOwsLM=	2025-09-03 12:37:04.904755-03	f	aylen	Aylen	Wyder	aylen@example.com	CI	4564564	f	t	2025-09-03 12:31:58.921293-03	\N
4	pbkdf2_sha256$1000000$8CZjXkHPfB9pPRieXoEZe1$020CX9YgH6xhCaofCG7GHX2A2dtXp0XKYSO2p5kz2bQ=	2025-09-03 12:26:56.50529-03	f	brandon	Brandon Ariel	Rivarola Valenzuela	brandon@example.com	CI	4808795	f	t	2025-09-03 12:12:48.517303-03	\N
5	pbkdf2_sha256$1000000$Ml020x96NUbcZyIAS2SNr5$iOYR5KQce+gBngzT7vhW+r2+qVFhaxfSKAYmi1lraYE=	2025-09-10 09:30:20.317396-03	f	anahi	Anahí	Talavera	anahi@example.com	CI	6138756	f	t	2025-09-10 08:47:36.287984-03	\N
6	pbkdf2_sha256$1000000$nZ5bZGdPP4MeFsTQG0VxIc$NswnhxthPgnIjpC2ub27BMXWi9bdOmR8m/CDLbOwsLM=	2025-09-10 09:30:56.653747-03	f	josias	Josias	Espinola	josias@example.com	CI	5435341	f	t	2025-09-03 12:31:58.921293-03	\N
3	pbkdf2_sha256$1000000$gG25IPHhpfNHXpI6vKQYCg$1lsAHqYbrXyYWF+DKB6IgNE0sweuyzyfOnyv16J1Ivw=	2025-09-15 11:00:38.418969-03	f	admin	Brandon	Rivarola	admin@example.com	CI	0000	f	t	2025-09-03 12:15:32.987744-03	\N
\.


--
-- Data for Name: usuarios_clientes; Type: TABLE DATA; Schema: public; Owner: postgres
--

COPY public.usuarios_clientes (id, created_at, cliente_id, usuario_id) FROM stdin;
1	2025-09-03 12:45:38.297924-03	1	4
2	2025-09-09 15:32:38.321384-03	10	4
3	2025-09-09 15:32:38.32894-03	7	4
4	2025-09-09 15:32:38.33572-03	12	4
5	2025-09-09 15:32:38.342084-03	2	4
6	2025-09-10 09:01:52.405966-03	4	6
7	2025-09-10 09:01:52.414183-03	10	6
8	2025-09-10 09:01:52.420898-03	3	6
9	2025-09-10 09:01:52.427215-03	7	6
10	2025-09-10 09:02:08.30708-03	5	5
11	2025-09-10 09:02:08.315789-03	11	5
12	2025-09-10 09:02:08.322134-03	6	5
13	2025-09-10 09:02:08.328653-03	8	5
\.


--
-- Data for Name: usuarios_groups; Type: TABLE DATA; Schema: public; Owner: postgres
--

COPY public.usuarios_groups (id, usuario_id, group_id) FROM stdin;
1	3	3
2	1	5
3	1	4
4	2	2
5	4	1
6	5	1
7	6	1
\.


--
-- Data for Name: usuarios_user_permissions; Type: TABLE DATA; Schema: public; Owner: postgres
--

COPY public.usuarios_user_permissions (id, usuario_id, permission_id) FROM stdin;
\.


--
-- Name: auth_group_id_seq; Type: SEQUENCE SET; Schema: public; Owner: postgres
--

SELECT pg_catalog.setval('public.auth_group_id_seq', 5, true);


--
-- Name: auth_group_permissions_id_seq; Type: SEQUENCE SET; Schema: public; Owner: postgres
--

SELECT pg_catalog.setval('public.auth_group_permissions_id_seq', 29, true);


--
-- Name: auth_permission_id_seq; Type: SEQUENCE SET; Schema: public; Owner: postgres
--

SELECT pg_catalog.setval('public.auth_permission_id_seq', 24, true);


--
-- Name: clientes_id_seq; Type: SEQUENCE SET; Schema: public; Owner: postgres
--

SELECT pg_catalog.setval('public.clientes_id_seq', 13, true);


--
-- Name: django_content_type_id_seq; Type: SEQUENCE SET; Schema: public; Owner: postgres
--

SELECT pg_catalog.setval('public.django_content_type_id_seq', 11, true);


--
-- Name: django_migrations_id_seq; Type: SEQUENCE SET; Schema: public; Owner: postgres
--

SELECT pg_catalog.setval('public.django_migrations_id_seq', 21, true);


--
-- Name: medios_pago_clientes_id_seq; Type: SEQUENCE SET; Schema: public; Owner: postgres
--

SELECT pg_catalog.setval('public.medios_pago_clientes_id_seq', 5, true);


--
-- Name: medios_pago_id_seq; Type: SEQUENCE SET; Schema: public; Owner: postgres
--

SELECT pg_catalog.setval('public.medios_pago_id_seq', 5, true);


--
-- Name: medios_pago_monedas_id_seq; Type: SEQUENCE SET; Schema: public; Owner: postgres
--

SELECT pg_catalog.setval('public.medios_pago_monedas_id_seq', 2, true);


--
-- Name: monedas_id_seq; Type: SEQUENCE SET; Schema: public; Owner: postgres
--

SELECT pg_catalog.setval('public.monedas_id_seq', 3, true);


--
-- Name: usuarios_clientes_id_seq; Type: SEQUENCE SET; Schema: public; Owner: postgres
--

SELECT pg_catalog.setval('public.usuarios_clientes_id_seq', 13, true);


--
-- Name: usuarios_groups_id_seq; Type: SEQUENCE SET; Schema: public; Owner: postgres
--

SELECT pg_catalog.setval('public.usuarios_groups_id_seq', 7, true);


--
-- Name: usuarios_id_seq; Type: SEQUENCE SET; Schema: public; Owner: postgres
--

SELECT pg_catalog.setval('public.usuarios_id_seq', 6, true);


--
-- Name: usuarios_user_permissions_id_seq; Type: SEQUENCE SET; Schema: public; Owner: postgres
--

SELECT pg_catalog.setval('public.usuarios_user_permissions_id_seq', 1, false);


--
-- Name: auth_group auth_group_name_key; Type: CONSTRAINT; Schema: public; Owner: postgres
--

ALTER TABLE ONLY public.auth_group
    ADD CONSTRAINT auth_group_name_key UNIQUE (name);


--
-- Name: auth_group_permissions auth_group_permissions_group_id_permission_id_0cd325b0_uniq; Type: CONSTRAINT; Schema: public; Owner: postgres
--

ALTER TABLE ONLY public.auth_group_permissions
    ADD CONSTRAINT auth_group_permissions_group_id_permission_id_0cd325b0_uniq UNIQUE (group_id, permission_id);


--
-- Name: auth_group_permissions auth_group_permissions_pkey; Type: CONSTRAINT; Schema: public; Owner: postgres
--

ALTER TABLE ONLY public.auth_group_permissions
    ADD CONSTRAINT auth_group_permissions_pkey PRIMARY KEY (id);


--
-- Name: auth_group auth_group_pkey; Type: CONSTRAINT; Schema: public; Owner: postgres
--

ALTER TABLE ONLY public.auth_group
    ADD CONSTRAINT auth_group_pkey PRIMARY KEY (id);


--
-- Name: auth_permission auth_permission_content_type_id_codename_01ab375a_uniq; Type: CONSTRAINT; Schema: public; Owner: postgres
--

ALTER TABLE ONLY public.auth_permission
    ADD CONSTRAINT auth_permission_content_type_id_codename_01ab375a_uniq UNIQUE (content_type_id, codename);


--
-- Name: auth_permission auth_permission_pkey; Type: CONSTRAINT; Schema: public; Owner: postgres
--

ALTER TABLE ONLY public.auth_permission
    ADD CONSTRAINT auth_permission_pkey PRIMARY KEY (id);


--
-- Name: clientes clientes_correoElecCliente_key; Type: CONSTRAINT; Schema: public; Owner: postgres
--

ALTER TABLE ONLY public.clientes
    ADD CONSTRAINT "clientes_correoElecCliente_key" UNIQUE ("correoElecCliente");


--
-- Name: clientes clientes_docCliente_key; Type: CONSTRAINT; Schema: public; Owner: postgres
--

ALTER TABLE ONLY public.clientes
    ADD CONSTRAINT "clientes_docCliente_key" UNIQUE ("docCliente");


--
-- Name: clientes clientes_pkey; Type: CONSTRAINT; Schema: public; Owner: postgres
--

ALTER TABLE ONLY public.clientes
    ADD CONSTRAINT clientes_pkey PRIMARY KEY (id);


--
-- Name: django_content_type django_content_type_app_label_model_76bd3d3b_uniq; Type: CONSTRAINT; Schema: public; Owner: postgres
--

ALTER TABLE ONLY public.django_content_type
    ADD CONSTRAINT django_content_type_app_label_model_76bd3d3b_uniq UNIQUE (app_label, model);


--
-- Name: django_content_type django_content_type_pkey; Type: CONSTRAINT; Schema: public; Owner: postgres
--

ALTER TABLE ONLY public.django_content_type
    ADD CONSTRAINT django_content_type_pkey PRIMARY KEY (id);


--
-- Name: django_migrations django_migrations_pkey; Type: CONSTRAINT; Schema: public; Owner: postgres
--

ALTER TABLE ONLY public.django_migrations
    ADD CONSTRAINT django_migrations_pkey PRIMARY KEY (id);


--
-- Name: django_session django_session_pkey; Type: CONSTRAINT; Schema: public; Owner: postgres
--

ALTER TABLE ONLY public.django_session
    ADD CONSTRAINT django_session_pkey PRIMARY KEY (session_key);


--
-- Name: medios_pago_clientes medios_pago_clientes_medio_pago_id_cliente_id_19ae5dbc_uniq; Type: CONSTRAINT; Schema: public; Owner: postgres
--

ALTER TABLE ONLY public.medios_pago_clientes
    ADD CONSTRAINT medios_pago_clientes_medio_pago_id_cliente_id_19ae5dbc_uniq UNIQUE (medio_pago_id, cliente_id, numero_cuenta);


--
-- Name: medios_pago_clientes medios_pago_clientes_medio_pago_id_cliente_id_6957a7e6_uniq; Type: CONSTRAINT; Schema: public; Owner: postgres
--

ALTER TABLE ONLY public.medios_pago_clientes
    ADD CONSTRAINT medios_pago_clientes_medio_pago_id_cliente_id_6957a7e6_uniq UNIQUE (medio_pago_id, cliente_id, numero_tarjeta);


--
-- Name: medios_pago_clientes medios_pago_clientes_pkey; Type: CONSTRAINT; Schema: public; Owner: postgres
--

ALTER TABLE ONLY public.medios_pago_clientes
    ADD CONSTRAINT medios_pago_clientes_pkey PRIMARY KEY (id);


--
-- Name: medios_pago_monedas medios_pago_monedas_mediopago_id_moneda_id_ad813706_uniq; Type: CONSTRAINT; Schema: public; Owner: postgres
--

ALTER TABLE ONLY public.medios_pago_monedas
    ADD CONSTRAINT medios_pago_monedas_mediopago_id_moneda_id_ad813706_uniq UNIQUE (mediopago_id, moneda_id);


--
-- Name: medios_pago_monedas medios_pago_monedas_pkey; Type: CONSTRAINT; Schema: public; Owner: postgres
--

ALTER TABLE ONLY public.medios_pago_monedas
    ADD CONSTRAINT medios_pago_monedas_pkey PRIMARY KEY (id);


--
-- Name: medios_pago medios_pago_pkey; Type: CONSTRAINT; Schema: public; Owner: postgres
--

ALTER TABLE ONLY public.medios_pago
    ADD CONSTRAINT medios_pago_pkey PRIMARY KEY (id);


--
-- Name: medios_pago medios_pago_tipo_key; Type: CONSTRAINT; Schema: public; Owner: postgres
--

ALTER TABLE ONLY public.medios_pago
    ADD CONSTRAINT medios_pago_tipo_key UNIQUE (tipo);


--
-- Name: monedas monedas_nombre_key; Type: CONSTRAINT; Schema: public; Owner: postgres
--

ALTER TABLE ONLY public.monedas
    ADD CONSTRAINT monedas_nombre_key UNIQUE (nombre);


--
-- Name: monedas monedas_pkey; Type: CONSTRAINT; Schema: public; Owner: postgres
--

ALTER TABLE ONLY public.monedas
    ADD CONSTRAINT monedas_pkey PRIMARY KEY (id);


--
-- Name: monedas monedas_simbolo_key; Type: CONSTRAINT; Schema: public; Owner: postgres
--

ALTER TABLE ONLY public.monedas
    ADD CONSTRAINT monedas_simbolo_key UNIQUE (simbolo);


--
-- Name: roles roles_pkey; Type: CONSTRAINT; Schema: public; Owner: postgres
--

ALTER TABLE ONLY public.roles
    ADD CONSTRAINT roles_pkey PRIMARY KEY (group_ptr_id);


--
-- Name: usuarios usuarios_cedula_identidad_key; Type: CONSTRAINT; Schema: public; Owner: postgres
--

ALTER TABLE ONLY public.usuarios
    ADD CONSTRAINT usuarios_cedula_identidad_key UNIQUE (cedula_identidad);


--
-- Name: usuarios_clientes usuarios_clientes_pkey; Type: CONSTRAINT; Schema: public; Owner: postgres
--

ALTER TABLE ONLY public.usuarios_clientes
    ADD CONSTRAINT usuarios_clientes_pkey PRIMARY KEY (id);


--
-- Name: usuarios_clientes usuarios_clientes_usuario_id_cliente_id_5089ea30_uniq; Type: CONSTRAINT; Schema: public; Owner: postgres
--

ALTER TABLE ONLY public.usuarios_clientes
    ADD CONSTRAINT usuarios_clientes_usuario_id_cliente_id_5089ea30_uniq UNIQUE (usuario_id, cliente_id);


--
-- Name: usuarios usuarios_email_key; Type: CONSTRAINT; Schema: public; Owner: postgres
--

ALTER TABLE ONLY public.usuarios
    ADD CONSTRAINT usuarios_email_key UNIQUE (email);


--
-- Name: usuarios_groups usuarios_groups_pkey; Type: CONSTRAINT; Schema: public; Owner: postgres
--

ALTER TABLE ONLY public.usuarios_groups
    ADD CONSTRAINT usuarios_groups_pkey PRIMARY KEY (id);


--
-- Name: usuarios_groups usuarios_groups_usuario_id_group_id_a66c5ef3_uniq; Type: CONSTRAINT; Schema: public; Owner: postgres
--

ALTER TABLE ONLY public.usuarios_groups
    ADD CONSTRAINT usuarios_groups_usuario_id_group_id_a66c5ef3_uniq UNIQUE (usuario_id, group_id);


--
-- Name: usuarios usuarios_pkey; Type: CONSTRAINT; Schema: public; Owner: postgres
--

ALTER TABLE ONLY public.usuarios
    ADD CONSTRAINT usuarios_pkey PRIMARY KEY (id);


--
-- Name: usuarios_user_permissions usuarios_user_permission_usuario_id_permission_id_474b33a5_uniq; Type: CONSTRAINT; Schema: public; Owner: postgres
--

ALTER TABLE ONLY public.usuarios_user_permissions
    ADD CONSTRAINT usuarios_user_permission_usuario_id_permission_id_474b33a5_uniq UNIQUE (usuario_id, permission_id);


--
-- Name: usuarios_user_permissions usuarios_user_permissions_pkey; Type: CONSTRAINT; Schema: public; Owner: postgres
--

ALTER TABLE ONLY public.usuarios_user_permissions
    ADD CONSTRAINT usuarios_user_permissions_pkey PRIMARY KEY (id);


--
-- Name: usuarios usuarios_username_key; Type: CONSTRAINT; Schema: public; Owner: postgres
--

ALTER TABLE ONLY public.usuarios
    ADD CONSTRAINT usuarios_username_key UNIQUE (username);


--
-- Name: auth_group_name_a6ea08ec_like; Type: INDEX; Schema: public; Owner: postgres
--

CREATE INDEX auth_group_name_a6ea08ec_like ON public.auth_group USING btree (name varchar_pattern_ops);


--
-- Name: auth_group_permissions_group_id_b120cbf9; Type: INDEX; Schema: public; Owner: postgres
--

CREATE INDEX auth_group_permissions_group_id_b120cbf9 ON public.auth_group_permissions USING btree (group_id);


--
-- Name: auth_group_permissions_permission_id_84c5c92e; Type: INDEX; Schema: public; Owner: postgres
--

CREATE INDEX auth_group_permissions_permission_id_84c5c92e ON public.auth_group_permissions USING btree (permission_id);


--
-- Name: auth_permission_content_type_id_2f476e4b; Type: INDEX; Schema: public; Owner: postgres
--

CREATE INDEX auth_permission_content_type_id_2f476e4b ON public.auth_permission USING btree (content_type_id);


--
-- Name: clientes_correoElecCliente_e1e21cf5_like; Type: INDEX; Schema: public; Owner: postgres
--

CREATE INDEX "clientes_correoElecCliente_e1e21cf5_like" ON public.clientes USING btree ("correoElecCliente" varchar_pattern_ops);


--
-- Name: clientes_docCliente_9298661c_like; Type: INDEX; Schema: public; Owner: postgres
--

CREATE INDEX "clientes_docCliente_9298661c_like" ON public.clientes USING btree ("docCliente" varchar_pattern_ops);


--
-- Name: django_session_expire_date_a5c62663; Type: INDEX; Schema: public; Owner: postgres
--

CREATE INDEX django_session_expire_date_a5c62663 ON public.django_session USING btree (expire_date);


--
-- Name: django_session_session_key_c0390e0f_like; Type: INDEX; Schema: public; Owner: postgres
--

CREATE INDEX django_session_session_key_c0390e0f_like ON public.django_session USING btree (session_key varchar_pattern_ops);


--
-- Name: medios_pago_clientes_cliente_id_a4017620; Type: INDEX; Schema: public; Owner: postgres
--

CREATE INDEX medios_pago_clientes_cliente_id_a4017620 ON public.medios_pago_clientes USING btree (cliente_id);


--
-- Name: medios_pago_clientes_medio_pago_id_350b9c45; Type: INDEX; Schema: public; Owner: postgres
--

CREATE INDEX medios_pago_clientes_medio_pago_id_350b9c45 ON public.medios_pago_clientes USING btree (medio_pago_id);


--
-- Name: medios_pago_monedas_mediopago_id_15ca0eb7; Type: INDEX; Schema: public; Owner: postgres
--

CREATE INDEX medios_pago_monedas_mediopago_id_15ca0eb7 ON public.medios_pago_monedas USING btree (mediopago_id);


--
-- Name: medios_pago_monedas_moneda_id_dd7d97e6; Type: INDEX; Schema: public; Owner: postgres
--

CREATE INDEX medios_pago_monedas_moneda_id_dd7d97e6 ON public.medios_pago_monedas USING btree (moneda_id);


--
-- Name: medios_pago_tipo_a6cc536d_like; Type: INDEX; Schema: public; Owner: postgres
--

CREATE INDEX medios_pago_tipo_a6cc536d_like ON public.medios_pago USING btree (tipo varchar_pattern_ops);


--
-- Name: monedas_nombre_ddfda5f7_like; Type: INDEX; Schema: public; Owner: postgres
--

CREATE INDEX monedas_nombre_ddfda5f7_like ON public.monedas USING btree (nombre varchar_pattern_ops);


--
-- Name: monedas_simbolo_213d9e26_like; Type: INDEX; Schema: public; Owner: postgres
--

CREATE INDEX monedas_simbolo_213d9e26_like ON public.monedas USING btree (simbolo varchar_pattern_ops);


--
-- Name: usuarios_cedula_identidad_b290067d_like; Type: INDEX; Schema: public; Owner: postgres
--

CREATE INDEX usuarios_cedula_identidad_b290067d_like ON public.usuarios USING btree (cedula_identidad varchar_pattern_ops);


--
-- Name: usuarios_cliente_activo_id_1c61d52c; Type: INDEX; Schema: public; Owner: postgres
--

CREATE INDEX usuarios_cliente_activo_id_1c61d52c ON public.usuarios USING btree (cliente_activo_id);


--
-- Name: usuarios_clientes_cliente_id_8239a525; Type: INDEX; Schema: public; Owner: postgres
--

CREATE INDEX usuarios_clientes_cliente_id_8239a525 ON public.usuarios_clientes USING btree (cliente_id);


--
-- Name: usuarios_clientes_usuario_id_d5556eff; Type: INDEX; Schema: public; Owner: postgres
--

CREATE INDEX usuarios_clientes_usuario_id_d5556eff ON public.usuarios_clientes USING btree (usuario_id);


--
-- Name: usuarios_email_ef44a1d6_like; Type: INDEX; Schema: public; Owner: postgres
--

CREATE INDEX usuarios_email_ef44a1d6_like ON public.usuarios USING btree (email varchar_pattern_ops);


--
-- Name: usuarios_groups_group_id_18c61092; Type: INDEX; Schema: public; Owner: postgres
--

CREATE INDEX usuarios_groups_group_id_18c61092 ON public.usuarios_groups USING btree (group_id);


--
-- Name: usuarios_groups_usuario_id_1132ca50; Type: INDEX; Schema: public; Owner: postgres
--

CREATE INDEX usuarios_groups_usuario_id_1132ca50 ON public.usuarios_groups USING btree (usuario_id);


--
-- Name: usuarios_user_permissions_permission_id_af615ca1; Type: INDEX; Schema: public; Owner: postgres
--

CREATE INDEX usuarios_user_permissions_permission_id_af615ca1 ON public.usuarios_user_permissions USING btree (permission_id);


--
-- Name: usuarios_user_permissions_usuario_id_232fd58d; Type: INDEX; Schema: public; Owner: postgres
--

CREATE INDEX usuarios_user_permissions_usuario_id_232fd58d ON public.usuarios_user_permissions USING btree (usuario_id);


--
-- Name: usuarios_username_50482a29_like; Type: INDEX; Schema: public; Owner: postgres
--

CREATE INDEX usuarios_username_50482a29_like ON public.usuarios USING btree (username varchar_pattern_ops);


--
-- Name: auth_group_permissions auth_group_permissio_permission_id_84c5c92e_fk_auth_perm; Type: FK CONSTRAINT; Schema: public; Owner: postgres
--

ALTER TABLE ONLY public.auth_group_permissions
    ADD CONSTRAINT auth_group_permissio_permission_id_84c5c92e_fk_auth_perm FOREIGN KEY (permission_id) REFERENCES public.auth_permission(id) DEFERRABLE INITIALLY DEFERRED;


--
-- Name: auth_group_permissions auth_group_permissions_group_id_b120cbf9_fk_auth_group_id; Type: FK CONSTRAINT; Schema: public; Owner: postgres
--

ALTER TABLE ONLY public.auth_group_permissions
    ADD CONSTRAINT auth_group_permissions_group_id_b120cbf9_fk_auth_group_id FOREIGN KEY (group_id) REFERENCES public.auth_group(id) DEFERRABLE INITIALLY DEFERRED;


--
-- Name: auth_permission auth_permission_content_type_id_2f476e4b_fk_django_co; Type: FK CONSTRAINT; Schema: public; Owner: postgres
--

ALTER TABLE ONLY public.auth_permission
    ADD CONSTRAINT auth_permission_content_type_id_2f476e4b_fk_django_co FOREIGN KEY (content_type_id) REFERENCES public.django_content_type(id) DEFERRABLE INITIALLY DEFERRED;


--
-- Name: medios_pago_clientes medios_pago_clientes_cliente_id_a4017620_fk_clientes_id; Type: FK CONSTRAINT; Schema: public; Owner: postgres
--

ALTER TABLE ONLY public.medios_pago_clientes
    ADD CONSTRAINT medios_pago_clientes_cliente_id_a4017620_fk_clientes_id FOREIGN KEY (cliente_id) REFERENCES public.clientes(id) DEFERRABLE INITIALLY DEFERRED;


--
-- Name: medios_pago_clientes medios_pago_clientes_medio_pago_id_350b9c45_fk_medios_pago_id; Type: FK CONSTRAINT; Schema: public; Owner: postgres
--

ALTER TABLE ONLY public.medios_pago_clientes
    ADD CONSTRAINT medios_pago_clientes_medio_pago_id_350b9c45_fk_medios_pago_id FOREIGN KEY (medio_pago_id) REFERENCES public.medios_pago(id) DEFERRABLE INITIALLY DEFERRED;


--
-- Name: medios_pago_monedas medios_pago_monedas_mediopago_id_15ca0eb7_fk_medios_pago_id; Type: FK CONSTRAINT; Schema: public; Owner: postgres
--

ALTER TABLE ONLY public.medios_pago_monedas
    ADD CONSTRAINT medios_pago_monedas_mediopago_id_15ca0eb7_fk_medios_pago_id FOREIGN KEY (mediopago_id) REFERENCES public.medios_pago(id) DEFERRABLE INITIALLY DEFERRED;


--
-- Name: medios_pago_monedas medios_pago_monedas_moneda_id_dd7d97e6_fk_monedas_id; Type: FK CONSTRAINT; Schema: public; Owner: postgres
--

ALTER TABLE ONLY public.medios_pago_monedas
    ADD CONSTRAINT medios_pago_monedas_moneda_id_dd7d97e6_fk_monedas_id FOREIGN KEY (moneda_id) REFERENCES public.monedas(id) DEFERRABLE INITIALLY DEFERRED;


--
-- Name: roles roles_group_ptr_id_ca777d61_fk_auth_group_id; Type: FK CONSTRAINT; Schema: public; Owner: postgres
--

ALTER TABLE ONLY public.roles
    ADD CONSTRAINT roles_group_ptr_id_ca777d61_fk_auth_group_id FOREIGN KEY (group_ptr_id) REFERENCES public.auth_group(id) DEFERRABLE INITIALLY DEFERRED;


--
-- Name: usuarios usuarios_cliente_activo_id_1c61d52c_fk_clientes_id; Type: FK CONSTRAINT; Schema: public; Owner: postgres
--

ALTER TABLE ONLY public.usuarios
    ADD CONSTRAINT usuarios_cliente_activo_id_1c61d52c_fk_clientes_id FOREIGN KEY (cliente_activo_id) REFERENCES public.clientes(id) DEFERRABLE INITIALLY DEFERRED;


--
-- Name: usuarios_clientes usuarios_clientes_cliente_id_8239a525_fk_clientes_id; Type: FK CONSTRAINT; Schema: public; Owner: postgres
--

ALTER TABLE ONLY public.usuarios_clientes
    ADD CONSTRAINT usuarios_clientes_cliente_id_8239a525_fk_clientes_id FOREIGN KEY (cliente_id) REFERENCES public.clientes(id) DEFERRABLE INITIALLY DEFERRED;


--
-- Name: usuarios_clientes usuarios_clientes_usuario_id_d5556eff_fk_usuarios_id; Type: FK CONSTRAINT; Schema: public; Owner: postgres
--

ALTER TABLE ONLY public.usuarios_clientes
    ADD CONSTRAINT usuarios_clientes_usuario_id_d5556eff_fk_usuarios_id FOREIGN KEY (usuario_id) REFERENCES public.usuarios(id) DEFERRABLE INITIALLY DEFERRED;


--
-- Name: usuarios_groups usuarios_groups_group_id_18c61092_fk_auth_group_id; Type: FK CONSTRAINT; Schema: public; Owner: postgres
--

ALTER TABLE ONLY public.usuarios_groups
    ADD CONSTRAINT usuarios_groups_group_id_18c61092_fk_auth_group_id FOREIGN KEY (group_id) REFERENCES public.auth_group(id) DEFERRABLE INITIALLY DEFERRED;


--
-- Name: usuarios_groups usuarios_groups_usuario_id_1132ca50_fk_usuarios_id; Type: FK CONSTRAINT; Schema: public; Owner: postgres
--

ALTER TABLE ONLY public.usuarios_groups
    ADD CONSTRAINT usuarios_groups_usuario_id_1132ca50_fk_usuarios_id FOREIGN KEY (usuario_id) REFERENCES public.usuarios(id) DEFERRABLE INITIALLY DEFERRED;


--
-- Name: usuarios_user_permissions usuarios_user_permis_permission_id_af615ca1_fk_auth_perm; Type: FK CONSTRAINT; Schema: public; Owner: postgres
--

ALTER TABLE ONLY public.usuarios_user_permissions
    ADD CONSTRAINT usuarios_user_permis_permission_id_af615ca1_fk_auth_perm FOREIGN KEY (permission_id) REFERENCES public.auth_permission(id) DEFERRABLE INITIALLY DEFERRED;


--
-- Name: usuarios_user_permissions usuarios_user_permissions_usuario_id_232fd58d_fk_usuarios_id; Type: FK CONSTRAINT; Schema: public; Owner: postgres
--

ALTER TABLE ONLY public.usuarios_user_permissions
    ADD CONSTRAINT usuarios_user_permissions_usuario_id_232fd58d_fk_usuarios_id FOREIGN KEY (usuario_id) REFERENCES public.usuarios(id) DEFERRABLE INITIALLY DEFERRED;


--
-- PostgreSQL database dump complete
--

\unrestrict GIuvAA8V7DlFulq1g4lIPGq1lDv3mczakp91Deyz6n2LObYgS6IGw9Rg9kkpKtU

